lang,proto,scenario,ms,bytes
JS,GraphQL,RealWorld_Complex,18.287466000401764,186
Python,GraphQL,RealWorld_Complex,67.83812600042438,186
JS,REST,RealWorld_Complex,14.043847999346326,1106
Python,REST,RealWorld_Complex,35.71906900106114,1108
JS,GraphQL,N_Plus_One_List,20.764345999850775,2247
Python,GraphQL,N_Plus_One_List,627.8959339997527,2247
JS,REST,N_Plus_One_List,251.42284300090978,15633223
Python,REST,N_Plus_One_List,403.8688290002028,15633234
JS,REST,Overfetch_Scenario,8.464575999823865,1733
JS,GraphQL,Overfetch_Scenario,3.1556920002913103,75
Python,REST,Overfetch_Scenario,17.640154001128394,1734
Python,GraphQL,Overfetch_Scenario,3.0903589995432412,75
JS,GraphQL,RealWorld_Complex,5.442996000056155,390
Python,GraphQL,RealWorld_Complex,70.72955299918249,390
JS,REST,RealWorld_Complex,13.59144999878481,3327
Python,REST,RealWorld_Complex,35.453161000987166,3329
JS,GraphQL,N_Plus_One_List,18.95610900101019,2247
Python,GraphQL,N_Plus_One_List,621.1992090011336,2247
JS,REST,N_Plus_One_List,232.8313869984413,15633223
Python,REST,N_Plus_One_List,374.83346900080505,15633234
JS,REST,Overfetch_Scenario,7.725722000031965,1296
JS,GraphQL,Overfetch_Scenario,3.0144060001475736,79
Python,REST,Overfetch_Scenario,17.97559300030116,1297
Python,GraphQL,Overfetch_Scenario,3.6448779992497293,79
JS,GraphQL,RealWorld_Complex,5.157822000910528,313
Python,GraphQL,RealWorld_Complex,67.5402179986122,313
JS,REST,RealWorld_Complex,13.38715699785098,2422
Python,REST,RealWorld_Complex,34.604771999511286,2424
JS,GraphQL,N_Plus_One_List,20.066920000317623,2247
Python,GraphQL,N_Plus_One_List,628.220420998332,2247
JS,REST,N_Plus_One_List,220.74232100021618,15633223
Python,REST,N_Plus_One_List,390.2971769985015,15633234
JS,REST,Overfetch_Scenario,7.820670000000973,1643
JS,GraphQL,Overfetch_Scenario,2.7578870012803236,76
Python,REST,Overfetch_Scenario,17.497808001280646,1644
Python,GraphQL,Overfetch_Scenario,3.244818999519339,76
JS,GraphQL,RealWorld_Complex,4.157978999501211,367
Python,GraphQL,RealWorld_Complex,67.87651800004824,367
JS,REST,RealWorld_Complex,13.338426000700565,3110
Python,REST,RealWorld_Complex,33.91919800196774,3112
JS,GraphQL,N_Plus_One_List,18.80352300031518,2247
Python,GraphQL,N_Plus_One_List,628.1139419988904,2247
JS,REST,N_Plus_One_List,224.7937809988798,15633223
Python,REST,N_Plus_One_List,386.4324869991833,15633234
JS,REST,Overfetch_Scenario,7.912561999546597,2257
JS,GraphQL,Overfetch_Scenario,2.6729870005510747,73
Python,REST,Overfetch_Scenario,18.51549399907526,2258
Python,GraphQL,Overfetch_Scenario,3.780520999498549,73
JS,GraphQL,RealWorld_Complex,4.937730000165175,500
Python,GraphQL,RealWorld_Complex,67.37822499962931,500
JS,REST,RealWorld_Complex,12.973922997844056,4351
Python,REST,RealWorld_Complex,34.32143199825077,4353
JS,GraphQL,N_Plus_One_List,18.20509299977857,2247
Python,GraphQL,N_Plus_One_List,625.6224150001799,2247
JS,REST,N_Plus_One_List,224.74889700060885,15633223
Python,REST,N_Plus_One_List,379.2624559991964,15633234
JS,REST,Overfetch_Scenario,7.612879999214783,1921
JS,GraphQL,Overfetch_Scenario,2.6718949993664864,77
Python,REST,Overfetch_Scenario,17.03797600021062,1922
Python,GraphQL,Overfetch_Scenario,3.5405420003371546,77
JS,GraphQL,RealWorld_Complex,4.794841001057648,443
Python,GraphQL,RealWorld_Complex,70.28645299942582,443
JS,REST,RealWorld_Complex,13.514053998733289,3666
Python,REST,RealWorld_Complex,35.46882099908544,3668
JS,GraphQL,N_Plus_One_List,20.846569999775966,2247
Python,GraphQL,N_Plus_One_List,633.2322700000077,2247
JS,REST,N_Plus_One_List,233.21660900001007,15633223
Python,REST,N_Plus_One_List,378.3762660004868,15633234
JS,REST,Overfetch_Scenario,7.4255199997423915,1151
JS,GraphQL,Overfetch_Scenario,4.372560999399866,71
Python,REST,Overfetch_Scenario,17.80002299892658,1152
Python,GraphQL,Overfetch_Scenario,3.4283219993085368,71
JS,GraphQL,RealWorld_Complex,5.735062999519869,317
Python,GraphQL,RealWorld_Complex,70.22231200062379,317
JS,REST,RealWorld_Complex,13.305252999998629,2137
Python,REST,RealWorld_Complex,34.26950400171336,2139
JS,GraphQL,N_Plus_One_List,20.913004000249202,2247
Python,GraphQL,N_Plus_One_List,638.4727469994687,2247
JS,REST,N_Plus_One_List,228.06466800102498,15633223
Python,REST,N_Plus_One_List,378.57882600110315,15633234
JS,REST,Overfetch_Scenario,8.515802001056727,2106
JS,GraphQL,Overfetch_Scenario,3.535472998919431,84
Python,REST,Overfetch_Scenario,17.298273000051267,2107
Python,GraphQL,Overfetch_Scenario,3.3941679994313745,84
JS,GraphQL,RealWorld_Complex,3.978692999226041,469
Python,GraphQL,RealWorld_Complex,69.35293400056253,469
JS,REST,RealWorld_Complex,13.306295999427675,4039
Python,REST,RealWorld_Complex,33.74024400000053,4041
JS,GraphQL,N_Plus_One_List,19.42974600024172,2247
Python,GraphQL,N_Plus_One_List,623.8908609993814,2247
JS,REST,N_Plus_One_List,221.3557300001412,15633223
Python,REST,N_Plus_One_List,383.37316599972837,15633234
JS,REST,Overfetch_Scenario,7.055545998809976,673
JS,GraphQL,Overfetch_Scenario,3.3371419995091856,75
Python,REST,Overfetch_Scenario,17.093169000872876,674
Python,GraphQL,Overfetch_Scenario,3.299290001450572,75
JS,GraphQL,RealWorld_Complex,5.365281000194955,176
Python,GraphQL,RealWorld_Complex,66.94034500105772,176
JS,REST,RealWorld_Complex,12.632672998734051,1181
Python,REST,RealWorld_Complex,33.71334300027229,1183
JS,GraphQL,N_Plus_One_List,19.515597999998135,2247
Python,GraphQL,N_Plus_One_List,621.2311690014758,2247
JS,REST,N_Plus_One_List,223.81227199912246,15633223
Python,REST,N_Plus_One_List,382.3589260009612,15633234
JS,REST,Overfetch_Scenario,8.053386000028695,1503
JS,GraphQL,Overfetch_Scenario,3.3542940000188537,82
Python,REST,Overfetch_Scenario,16.916889000640367,1504
Python,GraphQL,Overfetch_Scenario,3.5324780001246836,82
JS,GraphQL,RealWorld_Complex,3.916937001122278,372
Python,GraphQL,RealWorld_Complex,68.17696100006287,372
JS,REST,RealWorld_Complex,14.040650999959325,2856
Python,REST,RealWorld_Complex,34.88752199882583,2858
JS,GraphQL,N_Plus_One_List,19.871905000400147,2247
Python,GraphQL,N_Plus_One_List,619.6933179999178,2247
JS,REST,N_Plus_One_List,218.2607430004282,15633223
Python,REST,N_Plus_One_List,378.99461400047585,15633234
JS,REST,Overfetch_Scenario,6.912488999660127,394
JS,GraphQL,Overfetch_Scenario,2.5438459997531027,73
Python,REST,Overfetch_Scenario,17.338698999083135,395
Python,GraphQL,Overfetch_Scenario,3.6674199982371647,73
JS,GraphQL,RealWorld_Complex,5.701931000658078,126
Python,GraphQL,RealWorld_Complex,67.83314700078336,126
JS,REST,RealWorld_Complex,12.972539998372667,647
Python,REST,RealWorld_Complex,33.6187750017416,649
JS,GraphQL,N_Plus_One_List,18.659073000890203,2247
Python,GraphQL,N_Plus_One_List,619.1706189983961,2247
JS,REST,N_Plus_One_List,227.07588500088605,15633223
Python,REST,N_Plus_One_List,378.8899979990674,15633234
JS,REST,Overfetch_Scenario,7.8274630013766,2190
JS,GraphQL,Overfetch_Scenario,2.4297920008393703,72
Python,REST,Overfetch_Scenario,16.97806300035154,2191
Python,GraphQL,Overfetch_Scenario,3.66227000085928,72
JS,GraphQL,RealWorld_Complex,4.096163000212982,440
Python,GraphQL,RealWorld_Complex,69.32023299850698,440
JS,REST,RealWorld_Complex,13.591810999059817,4233
Python,REST,RealWorld_Complex,33.766493001166964,4235
JS,GraphQL,N_Plus_One_List,18.890195000494714,2247
Python,GraphQL,N_Plus_One_List,616.3696219991834,2247
JS,REST,N_Plus_One_List,215.50283699980355,15633223
Python,REST,N_Plus_One_List,380.5713679994369,15633234
JS,REST,Overfetch_Scenario,6.673330999547034,739
JS,GraphQL,Overfetch_Scenario,2.6677580008254154,74
Python,REST,Overfetch_Scenario,17.098549000365892,740
Python,GraphQL,Overfetch_Scenario,3.662641000119038,74
JS,GraphQL,RealWorld_Complex,5.4320159997587325,200
Python,GraphQL,RealWorld_Complex,67.40853200062702,200
JS,REST,RealWorld_Complex,12.812971999665024,1319
Python,REST,RealWorld_Complex,35.2283409993106,1321
JS,GraphQL,N_Plus_One_List,20.203275000312715,2247
Python,GraphQL,N_Plus_One_List,629.4903800007887,2247
JS,REST,N_Plus_One_List,230.90250300083426,15633223
Python,REST,N_Plus_One_List,383.59850800043205,15633234
JS,REST,Overfetch_Scenario,7.4683599996205885,2698
JS,GraphQL,Overfetch_Scenario,2.714504000323359,74
Python,REST,Overfetch_Scenario,17.968750000363798,2699
Python,GraphQL,Overfetch_Scenario,3.4857399987231474,74
JS,GraphQL,RealWorld_Complex,5.515451999599463,570
Python,GraphQL,RealWorld_Complex,69.2250440006319,570
JS,REST,RealWorld_Complex,12.823021001167945,5230
Python,REST,RealWorld_Complex,33.987116001299,5232
JS,GraphQL,N_Plus_One_List,19.125586999507505,2247
Python,GraphQL,N_Plus_One_List,624.8760660000698,2247
JS,REST,N_Plus_One_List,217.62271799889277,15633223
Python,REST,N_Plus_One_List,380.28422000024875,15633234
JS,REST,Overfetch_Scenario,6.849469998996938,347
JS,GraphQL,Overfetch_Scenario,3.7729280011262745,78
Python,REST,Overfetch_Scenario,17.358656999931554,348
Python,GraphQL,Overfetch_Scenario,3.4052290011459263,78
JS,GraphQL,RealWorld_Complex,3.95909700091579,124
Python,GraphQL,RealWorld_Complex,67.22686099965358,124
JS,REST,RealWorld_Complex,13.108844999806024,534
Python,REST,RealWorld_Complex,34.000749999904656,536
JS,GraphQL,N_Plus_One_List,18.935580999823287,2247
Python,GraphQL,N_Plus_One_List,620.3294900005858,2247
JS,REST,N_Plus_One_List,225.29111199946783,15633223
Python,REST,N_Plus_One_List,379.36152099973697,15633234
JS,REST,Overfetch_Scenario,7.601620000059484,1774
JS,GraphQL,Overfetch_Scenario,2.4415539992332924,76
Python,REST,Overfetch_Scenario,16.802744999949937,1775
Python,GraphQL,Overfetch_Scenario,3.617967000536737,76
JS,GraphQL,RealWorld_Complex,5.777152000518981,435
Python,GraphQL,RealWorld_Complex,69.66623100015568,435
JS,REST,RealWorld_Complex,14.99770299778902,3384
Python,REST,RealWorld_Complex,34.393206999084214,3386
JS,GraphQL,N_Plus_One_List,19.184225999197224,2247
Python,GraphQL,N_Plus_One_List,624.0571729995281,2247
JS,REST,N_Plus_One_List,216.55838300102914,15633223
Python,REST,N_Plus_One_List,381.6444580006646,15633234
JS,REST,Overfetch_Scenario,6.879546999698505,156
JS,GraphQL,Overfetch_Scenario,2.3138050000852672,76
Python,REST,Overfetch_Scenario,17.45459600169852,157
Python,GraphQL,Overfetch_Scenario,4.608021999956691,76
JS,GraphQL,RealWorld_Complex,4.808547999346047,87
Python,GraphQL,RealWorld_Complex,70.60051100052078,87
JS,REST,RealWorld_Complex,13.143570999091025,158
Python,REST,RealWorld_Complex,36.470257000473794,160
JS,GraphQL,N_Plus_One_List,19.481502999042277,2247
Python,GraphQL,N_Plus_One_List,622.5748159995419,2247
JS,REST,N_Plus_One_List,226.50211099971784,15633223
Python,REST,N_Plus_One_List,379.1056629997911,15633234
JS,REST,Overfetch_Scenario,7.9900870005076285,1484
JS,GraphQL,Overfetch_Scenario,2.430452999760746,77
Python,REST,Overfetch_Scenario,17.464564998590504,1485
Python,GraphQL,Overfetch_Scenario,3.542536000168184,77
JS,GraphQL,RealWorld_Complex,4.749477000586921,318
Python,GraphQL,RealWorld_Complex,69.01465099872439,318
JS,REST,RealWorld_Complex,13.610715999675449,2812
Python,REST,RealWorld_Complex,35.131360000377754,2814
JS,GraphQL,N_Plus_One_List,19.855614000334754,2247
Python,GraphQL,N_Plus_One_List,626.761178000379,2247
JS,REST,N_Plus_One_List,218.20729200044298,15633223
Python,REST,N_Plus_One_List,380.10753900016425,15633234
JS,REST,Overfetch_Scenario,7.816061999619706,2024
JS,GraphQL,Overfetch_Scenario,3.076552999118576,73
Python,REST,Overfetch_Scenario,16.81453699893609,2025
Python,GraphQL,Overfetch_Scenario,3.6302410007920116,73
JS,GraphQL,RealWorld_Complex,4.235914999298984,450
Python,GraphQL,RealWorld_Complex,67.00312300017686,450
JS,REST,RealWorld_Complex,13.996698999108048,3892
Python,REST,RealWorld_Complex,33.400596999854315,3894
JS,GraphQL,N_Plus_One_List,20.215448001181358,2247
Python,GraphQL,N_Plus_One_List,618.8787520004553,2247
JS,REST,N_Plus_One_List,214.7092800005339,15633223
Python,REST,N_Plus_One_List,374.7235629998613,15633234
JS,REST,Overfetch_Scenario,7.257303999722353,974
JS,GraphQL,Overfetch_Scenario,2.477931999237626,73
Python,REST,Overfetch_Scenario,16.93669599990244,975
Python,GraphQL,Overfetch_Scenario,3.487713000140502,73
JS,GraphQL,RealWorld_Complex,4.925637000269489,225
Python,GraphQL,RealWorld_Complex,67.36855700000888,225
JS,REST,RealWorld_Complex,14.094873000431107,1788
Python,REST,RealWorld_Complex,34.16501900028379,1790
JS,GraphQL,N_Plus_One_List,18.761504999929457,2247
Python,GraphQL,N_Plus_One_List,625.4349129994807,2247
JS,REST,N_Plus_One_List,217.35363300103927,15633223
Python,REST,N_Plus_One_List,382.36683099967195,15633234
JS,REST,Overfetch_Scenario,6.830104000982828,2321
JS,GraphQL,Overfetch_Scenario,3.2518319985683775,78
Python,REST,Overfetch_Scenario,17.736334000801435,2322
Python,GraphQL,Overfetch_Scenario,3.6237379990780028,78
JS,GraphQL,RealWorld_Complex,4.5359269988693995,526
Python,GraphQL,RealWorld_Complex,67.57314999958908,526
JS,REST,RealWorld_Complex,12.84655499875953,4481
Python,REST,RealWorld_Complex,34.65647899793112,4483
JS,GraphQL,N_Plus_One_List,19.575358999645687,2247
Python,GraphQL,N_Plus_One_List,624.7093339989078,2247
JS,REST,N_Plus_One_List,224.83828399890626,15633223
Python,REST,N_Plus_One_List,372.5914200003899,15633234
JS,REST,Overfetch_Scenario,7.932499000162352,2462
JS,GraphQL,Overfetch_Scenario,2.394535998973879,75
Python,REST,Overfetch_Scenario,16.891682000277797,2463
Python,GraphQL,Overfetch_Scenario,3.3205899999302346,75
JS,GraphQL,RealWorld_Complex,5.603465999229229,532
Python,GraphQL,RealWorld_Complex,69.15622499946039,532
JS,REST,RealWorld_Complex,14.385266998942825,4758
Python,REST,RealWorld_Complex,33.400515998437186,4760
JS,GraphQL,N_Plus_One_List,18.074837998938165,2247
Python,GraphQL,N_Plus_One_List,619.0282930001558,2247
JS,REST,N_Plus_One_List,215.45495700047468,15633223
Python,REST,N_Plus_One_List,372.1653110005718,15633234
JS,REST,Overfetch_Scenario,7.023957999990671,647
JS,GraphQL,Overfetch_Scenario,2.269280999826151,75
Python,REST,Overfetch_Scenario,16.849092000484234,648
Python,GraphQL,Overfetch_Scenario,3.3723569995345315,75
JS,GraphQL,RealWorld_Complex,5.051082000136375,164
Python,GraphQL,RealWorld_Complex,68.22980000106327,164
JS,REST,RealWorld_Complex,12.936372000694973,1132
Python,REST,RealWorld_Complex,34.56586999891442,1134
JS,GraphQL,N_Plus_One_List,21.659121999618947,2247
Python,GraphQL,N_Plus_One_List,620.418807000533,2247
JS,REST,N_Plus_One_List,216.06024100037757,15633223
Python,REST,N_Plus_One_List,378.73106000006374,15633234
JS,REST,Overfetch_Scenario,7.058111999867833,1715
JS,GraphQL,Overfetch_Scenario,2.7448210003058193,78
Python,REST,Overfetch_Scenario,17.63498400032404,1716
Python,GraphQL,Overfetch_Scenario,3.209362001143745,78
JS,GraphQL,RealWorld_Complex,4.8430320002808,414
Python,GraphQL,RealWorld_Complex,66.7222270003549,414
JS,REST,RealWorld_Complex,13.843953000105103,3250
Python,REST,RealWorld_Complex,34.0608130027249,3252
JS,GraphQL,N_Plus_One_List,21.812499999214197,2247
Python,GraphQL,N_Plus_One_List,617.8153710006882,2247
JS,REST,N_Plus_One_List,215.20922700074152,15633223
Python,REST,N_Plus_One_List,373.1900509992556,15633234
JS,REST,Overfetch_Scenario,7.272042001204682,1845
JS,GraphQL,Overfetch_Scenario,2.5367719990754267,74
Python,REST,Overfetch_Scenario,17.35140300115745,1846
Python,GraphQL,Overfetch_Scenario,3.535722999004065,74
JS,GraphQL,RealWorld_Complex,3.8461550011561485,393
Python,GraphQL,RealWorld_Complex,67.63486599993485,393
JS,REST,RealWorld_Complex,13.689803998204297,3536
Python,REST,RealWorld_Complex,34.10636000080558,3538
JS,GraphQL,N_Plus_One_List,19.879217999914545,2247
Python,GraphQL,N_Plus_One_List,619.9572120003722,2247
JS,REST,N_Plus_One_List,222.30104099980963,15633223
Python,REST,N_Plus_One_List,377.69178400048986,15633234
JS,REST,Overfetch_Scenario,7.726614001512644,463
JS,GraphQL,Overfetch_Scenario,2.321359001143719,73
Python,REST,Overfetch_Scenario,17.26303800023743,464
Python,GraphQL,Overfetch_Scenario,3.415237000808702,73
JS,GraphQL,RealWorld_Complex,3.9242110015038634,132
Python,GraphQL,RealWorld_Complex,67.28409900097176,132
JS,REST,RealWorld_Complex,13.080061002256116,748
Python,REST,RealWorld_Complex,34.272179000254255,750
JS,GraphQL,N_Plus_One_List,17.917894998390693,2247
Python,GraphQL,N_Plus_One_List,619.5219569999608,2247
JS,REST,N_Plus_One_List,215.90149300027406,15633223
Python,REST,N_Plus_One_List,373.7988810007664,15633234
JS,REST,Overfetch_Scenario,7.2703890000411775,160
JS,GraphQL,Overfetch_Scenario,3.2483150007465156,71
Python,REST,Overfetch_Scenario,17.549294001582894,161
Python,GraphQL,Overfetch_Scenario,3.4717130001808982,71
JS,GraphQL,RealWorld_Complex,4.060326000399073,82
Python,GraphQL,RealWorld_Complex,67.94655900012003,82
JS,REST,RealWorld_Complex,12.875958998847636,162
Python,REST,RealWorld_Complex,34.16128199933155,164
JS,GraphQL,N_Plus_One_List,19.31809699999576,2247
Python,GraphQL,N_Plus_One_List,622.7192970000033,2247
JS,REST,N_Plus_One_List,213.68135500051721,15633223
Python,REST,N_Plus_One_List,371.320549000302,15633234
JS,REST,Overfetch_Scenario,6.854188999568578,1652
JS,GraphQL,Overfetch_Scenario,2.380768999501015,74
Python,REST,Overfetch_Scenario,16.915596001126687,1653
Python,GraphQL,Overfetch_Scenario,3.513711999403313,74
JS,GraphQL,RealWorld_Complex,6.020657998305978,388
Python,GraphQL,RealWorld_Complex,67.64503500016872,388
JS,REST,RealWorld_Complex,13.014178999583237,3152
Python,REST,RealWorld_Complex,35.67003799980739,3154
JS,GraphQL,N_Plus_One_List,19.325642000694643,2247
Python,GraphQL,N_Plus_One_List,616.5504709988454,2247
JS,REST,N_Plus_One_List,215.64822800064576,15633223
Python,REST,N_Plus_One_List,374.73839099948236,15633234
JS,REST,Overfetch_Scenario,7.5205779994576005,450
JS,GraphQL,Overfetch_Scenario,2.3675249994994374,78
Python,REST,Overfetch_Scenario,16.640871999697993,451
Python,GraphQL,Overfetch_Scenario,3.396222000446869,78
JS,GraphQL,RealWorld_Complex,3.9799050009605708,142
Python,GraphQL,RealWorld_Complex,68.47180300064792,142
JS,REST,RealWorld_Complex,14.210189001460094,719
Python,REST,RealWorld_Complex,34.84038399801648,721
JS,GraphQL,N_Plus_One_List,21.01215100083209,2247
Python,GraphQL,N_Plus_One_List,620.8965619989613,2247
JS,REST,N_Plus_One_List,219.13014099845896,15633223
Python,REST,N_Plus_One_List,371.7351749983209,15633234
JS,REST,Overfetch_Scenario,7.876214000134496,1373
JS,GraphQL,Overfetch_Scenario,2.1742720000474947,75
Python,REST,Overfetch_Scenario,17.12795400089817,1374
Python,GraphQL,Overfetch_Scenario,3.237113000068348,75
JS,GraphQL,RealWorld_Complex,4.836148998947465,342
Python,GraphQL,RealWorld_Complex,66.33217499984312,342
JS,REST,RealWorld_Complex,13.083367997751338,2582
Python,REST,RealWorld_Complex,33.56948400141846,2584
JS,GraphQL,N_Plus_One_List,19.069100999331567,2247
Python,GraphQL,N_Plus_One_List,628.1075699989742,2247
JS,REST,N_Plus_One_List,213.50530500058085,15633223
Python,REST,N_Plus_One_List,376.4550659998349,15633234
JS,REST,Overfetch_Scenario,7.240543000079924,2227
JS,GraphQL,Overfetch_Scenario,2.8807259986933786,82
Python,REST,Overfetch_Scenario,17.384605000188458,2228
Python,GraphQL,Overfetch_Scenario,3.8028230010240804,82
JS,GraphQL,RealWorld_Complex,4.049565000968869,462
Python,GraphQL,RealWorld_Complex,68.32541900075739,462
JS,REST,RealWorld_Complex,13.119135999659193,4275
Python,REST,RealWorld_Complex,34.85957100019732,4277
JS,GraphQL,N_Plus_One_List,20.013870000184397,2247
Python,GraphQL,N_Plus_One_List,621.8713889993523,2247
JS,REST,N_Plus_One_List,211.43376500003797,15633223
Python,REST,N_Plus_One_List,375.0592319993302,15633234
JS,REST,Overfetch_Scenario,7.074081999235204,1653
JS,GraphQL,Overfetch_Scenario,3.236312000808539,80
Python,REST,Overfetch_Scenario,18.158445000153733,1654
Python,GraphQL,Overfetch_Scenario,3.704718999870238,80
JS,GraphQL,RealWorld_Complex,4.1764939996937755,402
Python,GraphQL,RealWorld_Complex,68.74058700122987,402
JS,REST,RealWorld_Complex,12.695671999608749,3126
Python,REST,RealWorld_Complex,34.53023300062341,3128
JS,GraphQL,N_Plus_One_List,20.046431998707703,2247
Python,GraphQL,N_Plus_One_List,625.631021001027,2247
JS,REST,N_Plus_One_List,211.01730299960764,15633223
Python,REST,N_Plus_One_List,377.6172439993388,15633234
JS,REST,Overfetch_Scenario,7.210016001408803,2533
JS,GraphQL,Overfetch_Scenario,2.3261770002136473,76
Python,REST,Overfetch_Scenario,17.05805399978999,2534
Python,GraphQL,Overfetch_Scenario,3.4276309997949284,76
JS,GraphQL,RealWorld_Complex,5.811306000396144,593
Python,GraphQL,RealWorld_Complex,66.86668699876464,593
JS,REST,RealWorld_Complex,12.743360999593278,4898
Python,REST,RealWorld_Complex,35.6177600006049,4900
JS,GraphQL,N_Plus_One_List,19.561473998692236,2247
Python,GraphQL,N_Plus_One_List,618.821095000385,2247
JS,REST,N_Plus_One_List,218.9205780014163,15633223
Python,REST,N_Plus_One_List,366.95649400098773,15633234
JS,REST,Overfetch_Scenario,7.982151999385678,780
JS,GraphQL,Overfetch_Scenario,2.481969999280409,73
Python,REST,Overfetch_Scenario,17.939213999852655,781
Python,GraphQL,Overfetch_Scenario,3.6145710000710096,73
JS,GraphQL,RealWorld_Complex,5.613735000224551,213
Python,GraphQL,RealWorld_Complex,68.07247500000813,213
JS,REST,RealWorld_Complex,14.93815300091228,1401
Python,REST,RealWorld_Complex,34.560389000034775,1403
JS,GraphQL,N_Plus_One_List,19.088056000327924,2247
Python,GraphQL,N_Plus_One_List,616.9380169994838,2247
JS,REST,N_Plus_One_List,209.65759699902264,15633223
Python,REST,N_Plus_One_List,371.68435999956273,15633234
JS,REST,Overfetch_Scenario,7.348957000431255,2698
JS,GraphQL,Overfetch_Scenario,2.426695999020012,72
Python,REST,Overfetch_Scenario,17.207393000717275,2699
Python,GraphQL,Overfetch_Scenario,3.5492989991325885,72
JS,GraphQL,RealWorld_Complex,4.995768000298995,589
Python,GraphQL,RealWorld_Complex,69.81626199922175,589
JS,REST,RealWorld_Complex,13.604163998024887,5237
Python,REST,RealWorld_Complex,35.65202499885345,5239
JS,GraphQL,N_Plus_One_List,20.07922300072096,2247
Python,GraphQL,N_Plus_One_List,641.8594510014373,2247
JS,REST,N_Plus_One_List,211.6197330014984,15633223
Python,REST,N_Plus_One_List,375.0366700005543,15633234
JS,REST,Overfetch_Scenario,6.779268998798216,851
JS,GraphQL,Overfetch_Scenario,2.471609001077013,81
Python,REST,Overfetch_Scenario,16.79063300070993,852
Python,GraphQL,Overfetch_Scenario,3.126135999991675,81
JS,GraphQL,RealWorld_Complex,4.330432000642759,221
Python,GraphQL,RealWorld_Complex,69.01292699876649,221
JS,REST,RealWorld_Complex,13.46527299938316,1516
Python,REST,RealWorld_Complex,34.75488300136931,1518
JS,GraphQL,N_Plus_One_List,20.432884999536327,2247
Python,GraphQL,N_Plus_One_List,621.3169790007669,2247
JS,REST,N_Plus_One_List,217.17704299953766,15633223
Python,REST,N_Plus_One_List,370.6211480002821,15633234
JS,REST,Overfetch_Scenario,7.485681999241933,2283
JS,GraphQL,Overfetch_Scenario,3.4864209992520045,73
Python,REST,Overfetch_Scenario,17.610959999728948,2284
Python,GraphQL,Overfetch_Scenario,3.7696419985877583,73
JS,GraphQL,RealWorld_Complex,3.8350840004568454,492
Python,GraphQL,RealWorld_Complex,67.93718200060539,492
JS,REST,RealWorld_Complex,13.943539001047611,4415
Python,REST,RealWorld_Complex,34.49205200013239,4417
JS,GraphQL,N_Plus_One_List,18.50496400038537,2247
Python,GraphQL,N_Plus_One_List,629.9759600005927,2247
JS,REST,N_Plus_One_List,219.7933629995532,15633223
Python,REST,N_Plus_One_List,373.3578950013907,15633234
JS,REST,Overfetch_Scenario,7.893126001363271,2815
JS,GraphQL,Overfetch_Scenario,2.3608920000697253,79
Python,REST,Overfetch_Scenario,17.63969299827295,2816
Python,GraphQL,Overfetch_Scenario,3.4435910001775483,79
JS,GraphQL,RealWorld_Complex,4.772299000251223,613
Python,GraphQL,RealWorld_Complex,69.8226140011684,613
JS,REST,RealWorld_Complex,13.178215998777887,5460
Python,REST,RealWorld_Complex,34.531805002188776,5462
JS,GraphQL,N_Plus_One_List,18.95810300084122,2247
Python,GraphQL,N_Plus_One_List,623.223329999746,2247
JS,REST,N_Plus_One_List,208.53781900041213,15633223
Python,REST,N_Plus_One_List,371.5963959984947,15633234
JS,REST,Overfetch_Scenario,7.018767999397824,155
JS,GraphQL,Overfetch_Scenario,2.4221570001827786,72
Python,REST,Overfetch_Scenario,16.67155900031503,156
Python,GraphQL,Overfetch_Scenario,3.560159000699059,72
JS,GraphQL,RealWorld_Complex,4.731363000246347,83
Python,GraphQL,RealWorld_Complex,66.25504100156832,83
JS,REST,RealWorld_Complex,13.219291999121197,157
Python,REST,RealWorld_Complex,33.671253000647994,159
JS,GraphQL,N_Plus_One_List,19.611606998296338,2247
Python,GraphQL,N_Plus_One_List,629.4671169998765,2247
JS,REST,N_Plus_One_List,209.1557269995974,15633223
Python,REST,N_Plus_One_List,371.33370300034585,15633234
JS,REST,Overfetch_Scenario,7.76703900010034,2288
JS,GraphQL,Overfetch_Scenario,2.506955999706406,74
Python,REST,Overfetch_Scenario,16.863869999724557,2289
Python,GraphQL,Overfetch_Scenario,4.602340999554144,74
JS,GraphQL,RealWorld_Complex,4.147158000705531,511
Python,GraphQL,RealWorld_Complex,66.62746899928607,511
JS,REST,RealWorld_Complex,12.487201000112691,4424
Python,REST,RealWorld_Complex,33.93088999837346,4426
JS,GraphQL,N_Plus_One_List,19.253405998824746,2247
Python,GraphQL,N_Plus_One_List,632.154992001233,2247
JS,REST,N_Plus_One_List,211.94226600164257,15633223
Python,REST,N_Plus_One_List,367.7715209996677,15633234
JS,REST,Overfetch_Scenario,6.999020000876044,1149
JS,GraphQL,Overfetch_Scenario,2.3385810000036145,79
Python,REST,Overfetch_Scenario,16.971761999229784,1150
Python,GraphQL,Overfetch_Scenario,3.3724670010997215,79
JS,GraphQL,RealWorld_Complex,4.585358999975142,329
Python,GraphQL,RealWorld_Complex,69.12926500081085,329
JS,REST,RealWorld_Complex,13.52912299989839,2128
Python,REST,RealWorld_Complex,34.815858000001754,2130
JS,GraphQL,N_Plus_One_List,19.39438000044902,2247
Python,GraphQL,N_Plus_One_List,620.1149080006871,2247
JS,REST,N_Plus_One_List,216.55444699899817,15633223
Python,REST,N_Plus_One_List,373.0496680000215,15633234
JS,REST,Overfetch_Scenario,7.533441999839852,826
JS,GraphQL,Overfetch_Scenario,3.0113610009721015,82
Python,REST,Overfetch_Scenario,18.097400999977253,827
Python,GraphQL,Overfetch_Scenario,3.5682239995367127,82
JS,GraphQL,RealWorld_Complex,4.011805000118329,270
Python,GraphQL,RealWorld_Complex,67.79722899955232,270
JS,REST,RealWorld_Complex,12.977760001376737,1482
Python,REST,RealWorld_Complex,34.888635000243085,1484
JS,GraphQL,N_Plus_One_List,18.816677998984233,2247
Python,GraphQL,N_Plus_One_List,617.7043320003577,2247
JS,REST,N_Plus_One_List,208.88581100007286,15633223
Python,REST,N_Plus_One_List,378.7425919999805,15633234
JS,REST,Overfetch_Scenario,6.932835998668452,2161
JS,GraphQL,Overfetch_Scenario,2.505032998669776,83
Python,REST,Overfetch_Scenario,17.59853600015049,2162
Python,GraphQL,Overfetch_Scenario,3.5696770009963075,83
JS,GraphQL,RealWorld_Complex,4.772149000928039,461
Python,GraphQL,RealWorld_Complex,71.54032100152108,461
JS,REST,RealWorld_Complex,13.314881000042078,4154
Python,REST,RealWorld_Complex,34.75821999745676,4156
JS,GraphQL,N_Plus_One_List,19.613970998761943,2247
Python,GraphQL,N_Plus_One_List,623.3188599999266,2247
JS,REST,N_Plus_One_List,206.67205499921693,15633223
Python,REST,N_Plus_One_List,366.08509100005904,15633234
JS,REST,Overfetch_Scenario,6.491009000455961,2369
JS,GraphQL,Overfetch_Scenario,4.027353999845218,70
Python,REST,Overfetch_Scenario,17.825390999860247,2370
Python,GraphQL,Overfetch_Scenario,3.651220000392641,70
JS,GraphQL,RealWorld_Complex,4.759886000101687,523
Python,GraphQL,RealWorld_Complex,68.16530899959616,523
JS,REST,RealWorld_Complex,13.265950999993947,4583
Python,REST,RealWorld_Complex,34.97873299966159,4585
JS,GraphQL,N_Plus_One_List,20.975051000277745,2247
Python,GraphQL,N_Plus_One_List,613.1379979997291,2247
JS,REST,N_Plus_One_List,203.61503799904312,15633223
Python,REST,N_Plus_One_List,365.80718100049125,15633234
JS,REST,Overfetch_Scenario,7.179760001235991,1691
JS,GraphQL,Overfetch_Scenario,2.3966799999470823,78
Python,REST,Overfetch_Scenario,17.258088000744465,1692
Python,GraphQL,Overfetch_Scenario,3.4690690008574165,78
JS,GraphQL,RealWorld_Complex,4.446099001143011,375
Python,GraphQL,RealWorld_Complex,68.89159999991534,375
JS,REST,RealWorld_Complex,13.230893999207183,3214
Python,REST,RealWorld_Complex,35.145636000379454,3216
JS,GraphQL,N_Plus_One_List,18.21101399946201,2247
Python,GraphQL,N_Plus_One_List,620.9327199994732,2247
JS,REST,N_Plus_One_List,210.9272060006333,15633223
Python,REST,N_Plus_One_List,371.93972900058725,15633234
JS,REST,Overfetch_Scenario,7.361448999290587,1413
JS,GraphQL,Overfetch_Scenario,3.026689000762417,75
Python,REST,Overfetch_Scenario,17.20501899944793,1414
Python,GraphQL,Overfetch_Scenario,3.140050999718369,75
JS,GraphQL,RealWorld_Complex,4.105501000594813,348
Python,GraphQL,RealWorld_Complex,68.1735550006124,348
JS,REST,RealWorld_Complex,12.863676000051782,2658
Python,REST,RealWorld_Complex,32.329732001016964,2660
JS,GraphQL,N_Plus_One_List,18.562631999884616,2247
Python,GraphQL,N_Plus_One_List,624.5809939991886,2247
JS,REST,N_Plus_One_List,203.6856100003206,15633223
Python,REST,N_Plus_One_List,361.7764709997573,15633234
JS,REST,Overfetch_Scenario,7.0808840009704,1691
JS,GraphQL,Overfetch_Scenario,2.351625000301283,74
Python,REST,Overfetch_Scenario,16.884728998775245,1692
Python,GraphQL,Overfetch_Scenario,3.5377380008867476,74
JS,GraphQL,RealWorld_Complex,5.388454001149512,369
Python,GraphQL,RealWorld_Complex,67.65798900050868,369
JS,REST,RealWorld_Complex,12.81382399974973,3239
Python,REST,RealWorld_Complex,34.055314001307124,3241
JS,GraphQL,N_Plus_One_List,19.380775000172434,2247
Python,GraphQL,N_Plus_One_List,623.7766569993255,2247
JS,REST,N_Plus_One_List,206.19733600142354,15633223
Python,REST,N_Plus_One_List,365.76243699892075,15633234
JS,REST,Overfetch_Scenario,7.059894000121858,463
JS,GraphQL,Overfetch_Scenario,2.033057999142329,73
Python,REST,Overfetch_Scenario,16.154730999915046,464
Python,GraphQL,Overfetch_Scenario,3.4029550006380305,73
JS,GraphQL,RealWorld_Complex,4.06763899991347,132
Python,GraphQL,RealWorld_Complex,69.44022800053062,132
JS,REST,RealWorld_Complex,12.960387999555678,748
Python,REST,RealWorld_Complex,34.81239199936681,750
JS,GraphQL,N_Plus_One_List,18.764540000120178,2247
Python,GraphQL,N_Plus_One_List,617.9817819993332,2247
JS,REST,N_Plus_One_List,205.14876100060064,15633223
Python,REST,N_Plus_One_List,362.75804999968386,15633234
JS,REST,Overfetch_Scenario,6.9247609990270576,1652
JS,GraphQL,Overfetch_Scenario,3.2376450017181924,74
Python,REST,Overfetch_Scenario,17.00676700056647,1653
Python,GraphQL,Overfetch_Scenario,3.320169000289752,74
JS,GraphQL,RealWorld_Complex,4.667453998990823,340
Python,GraphQL,RealWorld_Complex,71.28098599969235,340
JS,REST,RealWorld_Complex,12.521224998636171,3140
Python,REST,RealWorld_Complex,34.192561000963906,3142
JS,GraphQL,N_Plus_One_List,21.014694999394123,2247
Python,GraphQL,N_Plus_One_List,627.2702710011799,2247
JS,REST,N_Plus_One_List,214.9330190004548,15633223
Python,REST,N_Plus_One_List,365.69319699992775,15633234
JS,REST,Overfetch_Scenario,7.750439001029008,939
JS,GraphQL,Overfetch_Scenario,2.249634000691003,79
Python,REST,Overfetch_Scenario,17.455719000281533,940
Python,GraphQL,Overfetch_Scenario,3.4338530003878986,79
JS,GraphQL,RealWorld_Complex,5.651696999848355,253
Python,GraphQL,RealWorld_Complex,68.81611800054088,253
JS,REST,RealWorld_Complex,14.378004001628142,1716
Python,REST,RealWorld_Complex,33.37467799792648,1718
JS,GraphQL,N_Plus_One_List,18.37906800028577,2247
Python,GraphQL,N_Plus_One_List,621.9225240001833,2247
JS,REST,N_Plus_One_List,201.2426340006641,15633223
Python,REST,N_Plus_One_List,361.43157399965276,15633234
JS,REST,Overfetch_Scenario,7.3226269996666815,1785
JS,GraphQL,Overfetch_Scenario,2.8868170011264738,78
Python,REST,Overfetch_Scenario,17.42940900112444,1786
Python,GraphQL,Overfetch_Scenario,3.5881410003639758,78
JS,GraphQL,RealWorld_Complex,4.180170999461552,365
Python,GraphQL,RealWorld_Complex,67.72829100009403,365
JS,REST,RealWorld_Complex,14.279850000093575,3416
Python,REST,RealWorld_Complex,33.242601000893046,3418
JS,GraphQL,N_Plus_One_List,22.59828099886363,2247
Python,GraphQL,N_Plus_One_List,616.6891200009559,2247
JS,REST,N_Plus_One_List,204.38433900017117,15633223
Python,REST,N_Plus_One_List,360.5021539988229,15633234
JS,REST,Overfetch_Scenario,7.049204999930225,1511
JS,GraphQL,Overfetch_Scenario,2.2233549989323365,73
Python,REST,Overfetch_Scenario,16.044093999880715,1512
Python,GraphQL,Overfetch_Scenario,3.272920999734197,73
JS,GraphQL,RealWorld_Complex,5.028058998505003,363
Python,GraphQL,RealWorld_Complex,68.91776900010882,363
JS,REST,RealWorld_Complex,14.446252000198001,2849
Python,REST,RealWorld_Complex,35.327125999174314,2851
JS,GraphQL,N_Plus_One_List,19.02356500067981,2247
Python,GraphQL,N_Plus_One_List,620.1382509989344,2247
JS,REST,N_Plus_One_List,200.60435799859988,15633223
Python,REST,N_Plus_One_List,365.1766900002258,15633234
JS,REST,Overfetch_Scenario,7.979377000083332,614
JS,GraphQL,Overfetch_Scenario,3.039223000087077,78
Python,REST,Overfetch_Scenario,17.026756000632304,615
Python,GraphQL,Overfetch_Scenario,3.333655000460567,78
JS,GraphQL,RealWorld_Complex,4.019890000563464,198
Python,GraphQL,RealWorld_Complex,68.23355699998501,198
JS,REST,RealWorld_Complex,13.174919000448426,1048
Python,REST,RealWorld_Complex,34.08387599847629,1050
JS,GraphQL,N_Plus_One_List,18.679500999496668,2247
Python,GraphQL,N_Plus_One_List,614.8928860002343,2247
JS,REST,N_Plus_One_List,209.74032199956127,15633223
Python,REST,N_Plus_One_List,361.8289490004827,15633234
JS,REST,Overfetch_Scenario,8.010255000044708,1636
JS,GraphQL,Overfetch_Scenario,2.3266389998752857,82
Python,REST,Overfetch_Scenario,17.2872630009806,1637
Python,GraphQL,Overfetch_Scenario,3.5459819991956465,82
JS,GraphQL,RealWorld_Complex,5.9956509994663065,381
Python,GraphQL,RealWorld_Complex,67.47363400063477,381
JS,REST,RealWorld_Complex,14.006166999024572,3118
Python,REST,RealWorld_Complex,34.71461799927056,3120
JS,GraphQL,N_Plus_One_List,18.989190999491257,2247
Python,GraphQL,N_Plus_One_List,624.7895939995942,2247
JS,REST,N_Plus_One_List,201.61643299979914,15633223
Python,REST,N_Plus_One_List,361.0329980001552,15633234
JS,REST,Overfetch_Scenario,7.200226998975268,151
JS,GraphQL,Overfetch_Scenario,2.1814869996887865,77
Python,REST,Overfetch_Scenario,17.283204999330337,152
Python,GraphQL,Overfetch_Scenario,3.5473150001053,77
JS,GraphQL,RealWorld_Complex,4.733367000881117,88
Python,GraphQL,RealWorld_Complex,69.4107620001887,88
JS,REST,RealWorld_Complex,12.827679000110948,153
Python,REST,RealWorld_Complex,33.52824600005988,155
JS,GraphQL,N_Plus_One_List,19.814567000139505,2247
Python,GraphQL,N_Plus_One_List,620.1050600011513,2247
JS,REST,N_Plus_One_List,202.7653459990688,15633223
Python,REST,N_Plus_One_List,369.66677000054915,15633234
JS,REST,Overfetch_Scenario,7.397286999548669,1009
JS,GraphQL,Overfetch_Scenario,3.5579249997681472,80
Python,REST,Overfetch_Scenario,17.230397001185338,1010
Python,GraphQL,Overfetch_Scenario,3.265806999479537,80
JS,GraphQL,RealWorld_Complex,4.763282999192597,199
Python,GraphQL,RealWorld_Complex,67.30876400069974,199
JS,REST,RealWorld_Complex,13.32854700012831,1832
Python,REST,RealWorld_Complex,33.474003999799606,1834
JS,GraphQL,N_Plus_One_List,18.296463998922263,2247
Python,GraphQL,N_Plus_One_List,618.5941099993215,2247
JS,REST,N_Plus_One_List,203.34078399901045,15633223
Python,REST,N_Plus_One_List,365.5851650000841,15633234
JS,REST,Overfetch_Scenario,7.257525001477916,1530
JS,GraphQL,Overfetch_Scenario,3.121065999948769,83
Python,REST,Overfetch_Scenario,16.859822000697022,1531
Python,GraphQL,Overfetch_Scenario,3.716802000781172,83
JS,GraphQL,RealWorld_Complex,4.695715999332606,371
Python,GraphQL,RealWorld_Complex,68.7801109997963,371
JS,REST,RealWorld_Complex,13.577142997746705,2909
Python,REST,RealWorld_Complex,34.351477999734925,2911
JS,GraphQL,N_Plus_One_List,19.359404999704566,2247
Python,GraphQL,N_Plus_One_List,621.2219420012843,2247
JS,REST,N_Plus_One_List,214.71837700119067,15633223
Python,REST,N_Plus_One_List,363.1695200001559,15633234
JS,REST,Overfetch_Scenario,7.651052001165226,687
JS,GraphQL,Overfetch_Scenario,2.4516829998901812,78
Python,REST,Overfetch_Scenario,17.58279600107926,688
Python,GraphQL,Overfetch_Scenario,3.6023280008521397,78
JS,GraphQL,RealWorld_Complex,5.532624001716613,175
Python,GraphQL,RealWorld_Complex,69.97466899883875,175
JS,REST,RealWorld_Complex,13.326794000022346,1194
Python,REST,RealWorld_Complex,34.222256999782985,1196
JS,GraphQL,N_Plus_One_List,20.217942999806837,2247
Python,GraphQL,N_Plus_One_List,633.478441999614,2247
JS,REST,N_Plus_One_List,200.7866389994888,15633223
Python,REST,N_Plus_One_List,367.05771300148626,15633234
JS,REST,Overfetch_Scenario,8.544805999918026,1514
JS,GraphQL,Overfetch_Scenario,2.5540139995428035,79
Python,REST,Overfetch_Scenario,18.101038000168046,1515
Python,GraphQL,Overfetch_Scenario,3.7217410008452134,79
JS,GraphQL,RealWorld_Complex,4.636614999981248,357
Python,GraphQL,RealWorld_Complex,68.70194399925822,357
JS,REST,RealWorld_Complex,14.371029999892926,2855
Python,REST,RealWorld_Complex,36.29417699994519,2857
JS,GraphQL,N_Plus_One_List,19.718626999747357,2247
Python,GraphQL,N_Plus_One_List,624.5347469994158,2247
JS,REST,N_Plus_One_List,207.61541100000613,15633223
Python,REST,N_Plus_One_List,362.4675549999665,15633234
JS,REST,Overfetch_Scenario,7.44438500078104,1892
JS,GraphQL,Overfetch_Scenario,2.5855539988697274,71
Python,REST,Overfetch_Scenario,17.431564001526567,1893
Python,GraphQL,Overfetch_Scenario,3.441577000558027,71
JS,GraphQL,RealWorld_Complex,4.088519001015811,427
Python,GraphQL,RealWorld_Complex,66.30225899971265,427
JS,REST,RealWorld_Complex,14.56864000101632,3610
Python,REST,RealWorld_Complex,34.65784100080782,3612
JS,GraphQL,N_Plus_One_List,20.641015998990042,2247
Python,GraphQL,N_Plus_One_List,621.9998990000022,2247
JS,REST,N_Plus_One_List,203.64763799989305,15633223
Python,REST,N_Plus_One_List,363.8790089989925,15633234
JS,REST,Overfetch_Scenario,7.239230999402935,1923
JS,GraphQL,Overfetch_Scenario,3.01313499949174,72
Python,REST,Overfetch_Scenario,17.076047999580624,1924
Python,GraphQL,Overfetch_Scenario,3.4526380004535895,72
JS,GraphQL,RealWorld_Complex,4.607921000570059,434
Python,GraphQL,RealWorld_Complex,66.25892800002475,434
JS,REST,RealWorld_Complex,13.53514400216227,3684
Python,REST,RealWorld_Complex,34.39014099967608,3686
JS,GraphQL,N_Plus_One_List,20.84067999930994,2247
Python,GraphQL,N_Plus_One_List,635.8392729998741,2247
JS,REST,N_Plus_One_List,213.31690099941625,15633223
Python,REST,N_Plus_One_List,361.06329500034917,15633234
JS,REST,Overfetch_Scenario,8.01045600019279,1139
JS,GraphQL,Overfetch_Scenario,2.334613000130048,79
Python,REST,Overfetch_Scenario,17.351233000226784,1140
Python,GraphQL,Overfetch_Scenario,3.5695769984158687,79
JS,GraphQL,RealWorld_Complex,4.555935000098543,294
Python,GraphQL,RealWorld_Complex,67.68089199977112,294
JS,REST,RealWorld_Complex,13.093948000459932,2107
Python,REST,RealWorld_Complex,34.39291600079741,2109
JS,GraphQL,N_Plus_One_List,19.562796000172966,2247
Python,GraphQL,N_Plus_One_List,623.4026559995982,2247
JS,REST,N_Plus_One_List,202.7238179998676,15633223
Python,REST,N_Plus_One_List,358.77641099978064,15633234
JS,REST,Overfetch_Scenario,7.074131999615929,2006
JS,GraphQL,Overfetch_Scenario,2.342247000342468,71
Python,REST,Overfetch_Scenario,17.374516000927542,2007
Python,GraphQL,Overfetch_Scenario,4.251094000210287,71
JS,GraphQL,RealWorld_Complex,4.767951999383513,474
Python,GraphQL,RealWorld_Complex,66.99234200095816,474
JS,REST,RealWorld_Complex,13.301495999257895,3831
Python,REST,RealWorld_Complex,33.44174400081101,3833
JS,GraphQL,N_Plus_One_List,19.617228001152398,2247
Python,GraphQL,N_Plus_One_List,619.4489299996349,2247
JS,REST,N_Plus_One_List,204.55423700150277,15633223
Python,REST,N_Plus_One_List,369.39664500096114,15633234
JS,REST,Overfetch_Scenario,7.079081000483711,2433
JS,GraphQL,Overfetch_Scenario,2.2554349998245016,77
Python,REST,Overfetch_Scenario,17.080224999517668,2434
Python,GraphQL,Overfetch_Scenario,3.5018199996557087,77
JS,GraphQL,RealWorld_Complex,3.946173001168063,519
Python,GraphQL,RealWorld_Complex,67.53940699854866,519
JS,REST,RealWorld_Complex,14.891896000335691,4712
Python,REST,RealWorld_Complex,35.82545900098921,4714
JS,GraphQL,N_Plus_One_List,21.080668999275076,2247
Python,GraphQL,N_Plus_One_List,633.6347239994211,2247
JS,REST,N_Plus_One_List,204.05698499962455,15633223
Python,REST,N_Plus_One_List,368.27899099989736,15633234
JS,REST,Overfetch_Scenario,7.918493000033777,1747
JS,GraphQL,Overfetch_Scenario,3.3980859989242163,74
Python,REST,Overfetch_Scenario,16.881242001545615,1748
Python,GraphQL,Overfetch_Scenario,3.577682000468485,74
JS,GraphQL,RealWorld_Complex,4.052381000292371,410
Python,GraphQL,RealWorld_Complex,69.12627900055668,410
JS,REST,RealWorld_Complex,14.595872000427335,3353
Python,REST,RealWorld_Complex,34.86873799920431,3355
JS,GraphQL,N_Plus_One_List,19.14120599940361,2247
Python,GraphQL,N_Plus_One_List,618.8853240000753,2247
JS,REST,N_Plus_One_List,211.52292099941405,15633223
Python,REST,N_Plus_One_List,363.31195699858654,15633234
JS,REST,Overfetch_Scenario,7.939291999718989,430
JS,GraphQL,Overfetch_Scenario,2.5720579997141613,79
Python,REST,Overfetch_Scenario,16.99150900094537,431
Python,GraphQL,Overfetch_Scenario,3.475250001429231,79
JS,GraphQL,RealWorld_Complex,4.606238999258494,129
Python,GraphQL,RealWorld_Complex,73.3987529984006,129
JS,REST,RealWorld_Complex,12.979343000552035,696
Python,REST,RealWorld_Complex,45.82585299976927,698
JS,GraphQL,N_Plus_One_List,26.60928499972215,2247
Python,GraphQL,N_Plus_One_List,629.5879829995101,2247
JS,REST,N_Plus_One_List,199.19610999932047,15633223
Python,REST,N_Plus_One_List,363.22836999897845,15633234
JS,REST,Overfetch_Scenario,7.1648820012342185,1463
JS,GraphQL,Overfetch_Scenario,2.1771379997517215,75
Python,REST,Overfetch_Scenario,16.262453000308597,1464
Python,GraphQL,Overfetch_Scenario,2.958692999527557,75
JS,GraphQL,RealWorld_Complex,4.35916499918676,361
Python,GraphQL,RealWorld_Complex,67.04546199944161,361
JS,REST,RealWorld_Complex,13.206517998696654,2759
Python,REST,RealWorld_Complex,34.61164399777772,2761
JS,GraphQL,N_Plus_One_List,20.091665999643737,2247
Python,GraphQL,N_Plus_One_List,627.7118390007672,2247
JS,REST,N_Plus_One_List,204.15080200109514,15633223
Python,REST,N_Plus_One_List,363.584617000015,15633234
JS,REST,Overfetch_Scenario,7.2075709995260695,2499
JS,GraphQL,Overfetch_Scenario,2.451321000989992,75
Python,REST,Overfetch_Scenario,16.465513999719406,2500
Python,GraphQL,Overfetch_Scenario,3.198721999069676,75
JS,GraphQL,RealWorld_Complex,4.044666999106994,539
Python,GraphQL,RealWorld_Complex,67.79952499891806,539
JS,REST,RealWorld_Complex,13.56384800055821,4827
Python,REST,RealWorld_Complex,34.583472999656806,4829
JS,GraphQL,N_Plus_One_List,19.214642999941134,2247
Python,GraphQL,N_Plus_One_List,625.5230589995335,2247
JS,REST,N_Plus_One_List,205.54903099946387,15633223
Python,REST,N_Plus_One_List,366.06048500107136,15633234
JS,REST,Overfetch_Scenario,7.6189929986867355,146
JS,GraphQL,Overfetch_Scenario,3.22468000013032,71
Python,REST,Overfetch_Scenario,17.096064999350347,147
Python,GraphQL,Overfetch_Scenario,3.2782710004539695,71
JS,GraphQL,RealWorld_Complex,4.848151998885442,82
Python,GraphQL,RealWorld_Complex,67.10374100111949,82
JS,REST,RealWorld_Complex,12.68404999973427,148
Python,REST,RealWorld_Complex,34.98671800116426,150
JS,GraphQL,N_Plus_One_List,18.37103400066553,2247
Python,GraphQL,N_Plus_One_List,620.1388829995267,2247
JS,REST,N_Plus_One_List,210.84285700089822,15633223
Python,REST,N_Plus_One_List,365.2782799999841,15633234
JS,REST,Overfetch_Scenario,7.324108999455348,2365
JS,GraphQL,Overfetch_Scenario,2.350303000639542,76
Python,REST,Overfetch_Scenario,17.79701799932809,2366
Python,GraphQL,Overfetch_Scenario,3.394118000869639,76
JS,GraphQL,RealWorld_Complex,5.790687000626349,570
Python,GraphQL,RealWorld_Complex,70.49350999841408,570
JS,REST,RealWorld_Complex,13.755396999840741,4577
Python,REST,RealWorld_Complex,35.10716399978264,4579
JS,GraphQL,N_Plus_One_List,18.728291999650537,2247
Python,GraphQL,N_Plus_One_List,628.9025189998938,2247
JS,REST,N_Plus_One_List,201.21878899954027,15633223
Python,REST,N_Plus_One_List,360.99331399964285,15633234
JS,REST,Overfetch_Scenario,7.181641998613486,2046
JS,GraphQL,Overfetch_Scenario,2.383184000791516,79
Python,REST,Overfetch_Scenario,17.597473999558133,2047
Python,GraphQL,Overfetch_Scenario,3.699720999065903,79
JS,GraphQL,RealWorld_Complex,3.9023199988150736,410
Python,GraphQL,RealWorld_Complex,70.29123099891876,410
JS,REST,RealWorld_Complex,14.016035000167903,3928
Python,REST,RealWorld_Complex,34.355866999248974,3930
JS,GraphQL,N_Plus_One_List,18.963553000503452,2247
Python,GraphQL,N_Plus_One_List,628.0385900008696,2247
JS,REST,N_Plus_One_List,202.69529499819328,15633223
Python,REST,N_Plus_One_List,362.73041799904604,15633234
JS,REST,Overfetch_Scenario,6.925021998540615,1151
JS,GraphQL,Overfetch_Scenario,2.6264600001013605,71
Python,REST,Overfetch_Scenario,17.40750899989507,1152
Python,GraphQL,Overfetch_Scenario,3.5000560001208214,71
JS,GraphQL,RealWorld_Complex,3.575497999918298,317
Python,GraphQL,RealWorld_Complex,67.72361199909938,317
JS,REST,RealWorld_Complex,12.388086001010379,2137
Python,REST,RealWorld_Complex,33.40425299938943,2139
JS,GraphQL,N_Plus_One_List,18.559234998974716,2247
Python,GraphQL,N_Plus_One_List,618.8208439998562,2247
JS,REST,N_Plus_One_List,205.7628910006315,15633223
Python,REST,N_Plus_One_List,359.98786100026336,15633234
JS,REST,Overfetch_Scenario,7.29422299991711,157
JS,GraphQL,Overfetch_Scenario,2.5003339997056173,78
Python,REST,Overfetch_Scenario,17.095083001549938,158
Python,GraphQL,Overfetch_Scenario,3.505196000332944,78
JS,GraphQL,RealWorld_Complex,4.575279999698978,89
Python,GraphQL,RealWorld_Complex,68.16365600025165,89
JS,REST,RealWorld_Complex,12.620360999790137,159
Python,REST,RealWorld_Complex,34.20986300079676,161
JS,GraphQL,N_Plus_One_List,19.95918799912033,2247
Python,GraphQL,N_Plus_One_List,622.6234870009648,2247
JS,REST,N_Plus_One_List,211.51358400129538,15633223
Python,REST,N_Plus_One_List,360.2042149996123,15633234
JS,REST,Overfetch_Scenario,8.023309001146117,1001
JS,GraphQL,Overfetch_Scenario,2.5137489992630435,72
Python,REST,Overfetch_Scenario,18.1224480002129,1002
Python,GraphQL,Overfetch_Scenario,3.3860629991977476,72
JS,GraphQL,RealWorld_Complex,4.747362998386961,270
Python,GraphQL,RealWorld_Complex,67.60616199971992,270
JS,REST,RealWorld_Complex,13.823514998875908,1849
Python,REST,RealWorld_Complex,34.271759001057944,1851
JS,GraphQL,N_Plus_One_List,20.163600998785114,2247
Python,GraphQL,N_Plus_One_List,615.0055569996766,2247
JS,REST,N_Plus_One_List,198.3997190000082,15633223
Python,REST,N_Plus_One_List,371.88756100113096,15633234
JS,REST,Overfetch_Scenario,7.122141998479492,362
JS,GraphQL,Overfetch_Scenario,2.7656410002236953,78
Python,REST,Overfetch_Scenario,16.978895999272936,363
Python,GraphQL,Overfetch_Scenario,3.3544439993420383,78
JS,GraphQL,RealWorld_Complex,4.915647999951034,115
Python,GraphQL,RealWorld_Complex,69.76722000035807,115
JS,REST,RealWorld_Complex,13.032332000875613,554
Python,REST,RealWorld_Complex,34.75545499895816,556
JS,GraphQL,N_Plus_One_List,20.093470000574598,2247
Python,GraphQL,N_Plus_One_List,625.4821519996767,2247
JS,REST,N_Plus_One_List,199.15849000062735,15633223
Python,REST,N_Plus_One_List,366.094589999193,15633234
JS,REST,Overfetch_Scenario,7.173186999352765,1815
JS,GraphQL,Overfetch_Scenario,3.245500000048196,80
Python,REST,Overfetch_Scenario,16.961302999334293,1816
Python,GraphQL,Overfetch_Scenario,3.386633999980404,80
JS,GraphQL,RealWorld_Complex,4.9514250003994675,409
Python,GraphQL,RealWorld_Complex,67.58945100045821,409
JS,REST,RealWorld_Complex,12.797853998563369,3473
Python,REST,RealWorld_Complex,33.457193998401635,3475
JS,GraphQL,N_Plus_One_List,20.27597199958109,2247
Python,GraphQL,N_Plus_One_List,626.6495589989063,2247
JS,REST,N_Plus_One_List,202.4604250000266,15633223
Python,REST,N_Plus_One_List,361.0269669989066,15633234
JS,REST,Overfetch_Scenario,7.765156000459683,1364
JS,GraphQL,Overfetch_Scenario,2.348029000131646,74
Python,REST,Overfetch_Scenario,17.20109199959552,1365
Python,GraphQL,Overfetch_Scenario,3.613139000663068,74
JS,GraphQL,RealWorld_Complex,6.288730999585823,356
Python,GraphQL,RealWorld_Complex,66.93955300033849,356
JS,REST,RealWorld_Complex,12.6485330019932,2559
Python,REST,RealWorld_Complex,34.008155000265106,2561
JS,GraphQL,N_Plus_One_List,19.348754000020563,2247
Python,GraphQL,N_Plus_One_List,614.2114189988206,2247
JS,REST,N_Plus_One_List,216.11298000061652,15633223
Python,REST,N_Plus_One_List,359.42709000119066,15633234
JS,REST,Overfetch_Scenario,7.332125000175438,472
JS,GraphQL,Overfetch_Scenario,2.3396730011882028,82
Python,REST,Overfetch_Scenario,17.225958999915747,473
Python,GraphQL,Overfetch_Scenario,3.781333998631453,82
JS,GraphQL,RealWorld_Complex,4.029838999485946,144
Python,GraphQL,RealWorld_Complex,69.61634700019204,144
JS,REST,RealWorld_Complex,14.080565999393002,763
Python,REST,RealWorld_Complex,34.457396001016605,765
JS,GraphQL,N_Plus_One_List,19.077696999374893,2247
Python,GraphQL,N_Plus_One_List,634.3598219991691,2247
JS,REST,N_Plus_One_List,207.18327199938358,15633223
Python,REST,N_Plus_One_List,364.256866998403,15633234
JS,REST,Overfetch_Scenario,7.323198000449338,395
JS,GraphQL,Overfetch_Scenario,2.354940999794053,77
Python,REST,Overfetch_Scenario,16.600016000666074,396
Python,GraphQL,Overfetch_Scenario,3.5212659986427752,77
JS,GraphQL,RealWorld_Complex,5.310648000886431,145
Python,GraphQL,RealWorld_Complex,70.478211999216,145
JS,REST,RealWorld_Complex,12.987819998670602,620
Python,REST,RealWorld_Complex,35.057520000918885,622
JS,GraphQL,N_Plus_One_List,19.493877000059,2247
Python,GraphQL,N_Plus_One_List,622.0335119996889,2247
JS,REST,N_Plus_One_List,200.6036269995093,15633223
Python,REST,N_Plus_One_List,362.3267319999286,15633234
JS,REST,Overfetch_Scenario,7.142489999750978,1678
JS,GraphQL,Overfetch_Scenario,2.9058830004942138,80
Python,REST,Overfetch_Scenario,16.918471999815665,1679
Python,GraphQL,Overfetch_Scenario,3.4645899995666696,80
JS,GraphQL,RealWorld_Complex,3.858506999677047,410
Python,GraphQL,RealWorld_Complex,68.23800500023935,410
JS,REST,RealWorld_Complex,13.560673000029055,3198
Python,REST,RealWorld_Complex,34.71305499806476,3200
JS,GraphQL,N_Plus_One_List,20.006445998660638,2247
Python,GraphQL,N_Plus_One_List,617.1481010005664,2247
JS,REST,N_Plus_One_List,201.65723100035393,15633223
Python,REST,N_Plus_One_List,360.49307599932945,15633234
JS,REST,Overfetch_Scenario,8.105352999336901,2156
JS,GraphQL,Overfetch_Scenario,2.4617519993626047,72
Python,REST,Overfetch_Scenario,16.633930001262343,2157
Python,GraphQL,Overfetch_Scenario,23.73536199957016,72
JS,GraphQL,RealWorld_Complex,5.58338900009403,465
Python,GraphQL,RealWorld_Complex,74.8493810006039,465
JS,REST,RealWorld_Complex,12.608698998519685,4172
Python,REST,RealWorld_Complex,34.743975000310456,4174
JS,GraphQL,N_Plus_One_List,18.30516999871179,2247
Python,GraphQL,N_Plus_One_List,618.1276249990333,2247
JS,REST,N_Plus_One_List,212.1521400003985,15633223
Python,REST,N_Plus_One_List,362.0570660004887,15633234
JS,REST,Overfetch_Scenario,7.437041000230238,2000
JS,GraphQL,Overfetch_Scenario,2.403361999313347,75
Python,REST,Overfetch_Scenario,17.309914999714238,2001
Python,GraphQL,Overfetch_Scenario,3.5769700007222127,75
JS,GraphQL,RealWorld_Complex,4.611469001247315,418
Python,GraphQL,RealWorld_Complex,69.52505600020231,418
JS,REST,RealWorld_Complex,13.261342002806487,3840
Python,REST,RealWorld_Complex,33.6295249981049,3842
JS,GraphQL,N_Plus_One_List,18.986275999850477,2247
Python,GraphQL,N_Plus_One_List,619.4139849994826,2247
JS,REST,N_Plus_One_List,202.02052999957232,15633223
Python,REST,N_Plus_One_List,360.38314000143146,15633234
JS,REST,Overfetch_Scenario,7.6917580008739606,1803
JS,GraphQL,Overfetch_Scenario,2.5406390013813507,72
Python,REST,Overfetch_Scenario,17.892506999487523,1804
Python,GraphQL,Overfetch_Scenario,3.8797079996584216,72
JS,GraphQL,RealWorld_Complex,4.0728189997025765,471
Python,GraphQL,RealWorld_Complex,69.24032300048566,471
JS,REST,RealWorld_Complex,12.41299300090759,3436
Python,REST,RealWorld_Complex,33.945717001188314,3438
JS,GraphQL,N_Plus_One_List,18.816317999153398,2247
Python,GraphQL,N_Plus_One_List,620.7138299996586,2247
JS,REST,N_Plus_One_List,205.22034499845176,15633223
Python,REST,N_Plus_One_List,367.16365100073745,15633234
JS,REST,Overfetch_Scenario,7.286549000127707,1680
JS,GraphQL,Overfetch_Scenario,3.700883000419708,79
Python,REST,Overfetch_Scenario,17.003401000692975,1681
Python,GraphQL,Overfetch_Scenario,3.6915350010531256,79
JS,GraphQL,RealWorld_Complex,4.292269999496057,378
Python,GraphQL,RealWorld_Complex,69.2196439995314,378
JS,REST,RealWorld_Complex,13.249188999907346,3203
Python,REST,RealWorld_Complex,34.245898999870406,3205
JS,GraphQL,N_Plus_One_List,19.102813999779755,2247
Python,GraphQL,N_Plus_One_List,623.2876209996903,2247
JS,REST,N_Plus_One_List,202.04609899883508,15633223
Python,REST,N_Plus_One_List,361.8108350001421,15633234
JS,REST,Overfetch_Scenario,7.580530000268482,702
JS,GraphQL,Overfetch_Scenario,2.347286999793141,70
Python,REST,Overfetch_Scenario,16.7680400008976,703
Python,GraphQL,Overfetch_Scenario,3.3265910005866317,70
JS,GraphQL,RealWorld_Complex,4.569439999613678,212
Python,GraphQL,RealWorld_Complex,71.11853099922882,212
JS,REST,RealWorld_Complex,13.646552999489359,1256
Python,REST,RealWorld_Complex,36.004674999276176,1258
JS,GraphQL,N_Plus_One_List,19.277071000033175,2247
Python,GraphQL,N_Plus_One_List,614.1268310002488,2247
JS,REST,N_Plus_One_List,209.4798140005878,15633223
Python,REST,N_Plus_One_List,360.38764899967646,15633234
JS,REST,Overfetch_Scenario,7.368573000348988,1578
JS,GraphQL,Overfetch_Scenario,3.5518029999366263,74
Python,REST,Overfetch_Scenario,16.896269999051583,1579
Python,GraphQL,Overfetch_Scenario,3.5507609991327627,74
JS,GraphQL,RealWorld_Complex,4.29992499994114,356
Python,GraphQL,RealWorld_Complex,68.35809999938647,356
JS,REST,RealWorld_Complex,13.773851000223658,2986
Python,REST,RealWorld_Complex,33.686393000607495,2988
JS,GraphQL,N_Plus_One_List,19.608881999374717,2247
Python,GraphQL,N_Plus_One_List,620.981269999902,2247
JS,REST,N_Plus_One_List,201.1741650003387,15633223
Python,REST,N_Plus_One_List,359.1752180000185,15633234
JS,REST,Overfetch_Scenario,6.688369001494721,1688
JS,GraphQL,Overfetch_Scenario,2.154226000129711,73
Python,REST,Overfetch_Scenario,16.738244999942253,1689
Python,GraphQL,Overfetch_Scenario,3.6655160001828335,73
JS,GraphQL,RealWorld_Complex,4.6913980004319455,358
Python,GraphQL,RealWorld_Complex,66.49677299901668,358
JS,REST,RealWorld_Complex,13.109677001921227,3212
Python,REST,RealWorld_Complex,33.83101399958832,3214
JS,GraphQL,N_Plus_One_List,18.959164999614586,2247
Python,GraphQL,N_Plus_One_List,622.3517479993461,2247
JS,REST,N_Plus_One_List,211.37047599950165,15633223
Python,REST,N_Plus_One_List,367.4895820004167,15633234
JS,REST,Overfetch_Scenario,7.910046999313636,922
JS,GraphQL,Overfetch_Scenario,3.071643999646767,77
Python,REST,Overfetch_Scenario,17.472310000812286,923
Python,GraphQL,Overfetch_Scenario,3.6706060000142315,77
JS,GraphQL,RealWorld_Complex,4.979607998393476,224
Python,GraphQL,RealWorld_Complex,66.68359400100599,224
JS,REST,RealWorld_Complex,13.286649000292527,1679
Python,REST,RealWorld_Complex,35.19930699985707,1681
JS,GraphQL,N_Plus_One_List,19.374833998881513,2247
Python,GraphQL,N_Plus_One_List,618.5062640015531,2247
JS,REST,N_Plus_One_List,202.3349099999905,15633223
Python,REST,N_Plus_One_List,364.30112999914854,15633234
JS,REST,Overfetch_Scenario,6.930542000191053,2597
JS,GraphQL,Overfetch_Scenario,2.2834069986856775,77
Python,REST,Overfetch_Scenario,17.629242998737027,2598
Python,GraphQL,Overfetch_Scenario,3.806139999142033,77
JS,GraphQL,RealWorld_Complex,5.593488000158686,579
Python,GraphQL,RealWorld_Complex,68.0841480007075,579
JS,REST,RealWorld_Complex,13.12462599889841,5022
Python,REST,RealWorld_Complex,33.82627399878402,5024
JS,GraphQL,N_Plus_One_List,18.850933000067016,2247
Python,GraphQL,N_Plus_One_List,616.684290998819,2247
JS,REST,N_Plus_One_List,216.2830280012713,15633223
Python,REST,N_Plus_One_List,367.99559099927137,15633234
JS,REST,Overfetch_Scenario,7.8916130005382,459
JS,GraphQL,Overfetch_Scenario,2.2528700010298053,79
Python,REST,Overfetch_Scenario,17.692441999315633,460
Python,GraphQL,Overfetch_Scenario,3.640449998783879,79
JS,GraphQL,RealWorld_Complex,3.7507559991354356,135
Python,GraphQL,RealWorld_Complex,67.57629599997017,135
JS,REST,RealWorld_Complex,14.245334999941406,745
Python,REST,RealWorld_Complex,34.46904899828951,747
JS,GraphQL,N_Plus_One_List,19.696776998898713,2247
Python,GraphQL,N_Plus_One_List,616.4235430005647,2247
JS,REST,N_Plus_One_List,204.96014799937257,15633223
Python,REST,N_Plus_One_List,361.9163630010007,15633234
JS,REST,Overfetch_Scenario,6.707905000439496,146
JS,GraphQL,Overfetch_Scenario,2.52453999928548,71
Python,REST,Overfetch_Scenario,16.963124999165302,147
Python,GraphQL,Overfetch_Scenario,3.7488819998543477,71
JS,GraphQL,RealWorld_Complex,6.055292999008088,82
Python,GraphQL,RealWorld_Complex,68.12330100001418,82
JS,REST,RealWorld_Complex,13.453311999910511,148
Python,REST,RealWorld_Complex,33.85520800111408,150
JS,GraphQL,N_Plus_One_List,19.037281001146766,2247
Python,GraphQL,N_Plus_One_List,617.194145999747,2247
JS,REST,N_Plus_One_List,207.22572100021353,15633223
Python,REST,N_Plus_One_List,362.9297610004869,15633234
JS,REST,Overfetch_Scenario,7.0182569997996325,1659
JS,GraphQL,Overfetch_Scenario,3.156673001285526,76
Python,REST,Overfetch_Scenario,16.957404999629944,1660
Python,GraphQL,Overfetch_Scenario,3.4437000012985663,76
JS,GraphQL,RealWorld_Complex,4.767491000166046,426
Python,GraphQL,RealWorld_Complex,70.42689599984442,426
JS,REST,RealWorld_Complex,13.593133000540547,3156
Python,REST,RealWorld_Complex,34.02809300132503,3158
JS,GraphQL,N_Plus_One_List,19.250270001066383,2247
Python,GraphQL,N_Plus_One_List,621.8004350012052,2247
JS,REST,N_Plus_One_List,203.0346199990163,15633223
Python,REST,N_Plus_One_List,367.9858929990587,15633234
JS,REST,Overfetch_Scenario,7.261242000822676,872
JS,GraphQL,Overfetch_Scenario,2.3905979996925453,73
Python,REST,Overfetch_Scenario,17.495423000582377,873
Python,GraphQL,Overfetch_Scenario,3.4550519994809292,73
JS,GraphQL,RealWorld_Complex,5.609398000160581,221
Python,GraphQL,RealWorld_Complex,69.17354799952591,221
JS,REST,RealWorld_Complex,12.892310000097496,1586
Python,REST,RealWorld_Complex,33.50715699889406,1588
JS,GraphQL,N_Plus_One_List,18.833479000022635,2247
Python,GraphQL,N_Plus_One_List,620.604595000259,2247
JS,REST,N_Plus_One_List,208.08917899921653,15633223
Python,REST,N_Plus_One_List,363.524314998358,15633234
JS,REST,Overfetch_Scenario,8.030803999645286,1433
JS,GraphQL,Overfetch_Scenario,2.5323940008092904,73
Python,REST,Overfetch_Scenario,17.430821999369073,1434
Python,GraphQL,Overfetch_Scenario,3.5544079983083066,73
JS,GraphQL,RealWorld_Complex,4.3076590009150095,294
Python,GraphQL,RealWorld_Complex,60.18701500033785,294
JS,REST,RealWorld_Complex,12.159417001385009,2705
Python,REST,RealWorld_Complex,34.478776000469225,2707
JS,GraphQL,N_Plus_One_List,20.207874000334414,2247
Python,GraphQL,N_Plus_One_List,546.0628409982746,2247
JS,REST,N_Plus_One_List,200.5948799996986,15633223
Python,REST,N_Plus_One_List,366.718758999923,15633234
JS,REST,Overfetch_Scenario,6.978232000619755,896
JS,GraphQL,Overfetch_Scenario,2.4107760000333656,76
Python,REST,Overfetch_Scenario,17.78556600038428,897
Python,GraphQL,Overfetch_Scenario,3.444772999500856,76
JS,GraphQL,RealWorld_Complex,5.037406001065392,260
Python,GraphQL,RealWorld_Complex,59.887402998356265,260
JS,REST,RealWorld_Complex,12.969676001375774,1624
Python,REST,RealWorld_Complex,34.19430400026613,1626
JS,GraphQL,N_Plus_One_List,19.330611001350917,2247
Python,GraphQL,N_Plus_One_List,550.6699409997964,2247
JS,REST,N_Plus_One_List,201.69329800046398,15633223
Python,REST,N_Plus_One_List,358.3459239998774,15633234
JS,REST,Overfetch_Scenario,6.61225700059731,2673
JS,GraphQL,Overfetch_Scenario,3.0720150007255143,82
Python,REST,Overfetch_Scenario,16.925976000493392,2674
Python,GraphQL,Overfetch_Scenario,3.340797999044298,82
JS,GraphQL,RealWorld_Complex,3.830084000583156,578
Python,GraphQL,RealWorld_Complex,60.57209600112401,578
JS,REST,RealWorld_Complex,13.13770900014788,5191
Python,REST,RealWorld_Complex,34.252073000970995,5193
JS,GraphQL,N_Plus_One_List,19.317917000080342,2247
Python,GraphQL,N_Plus_One_List,555.2888440015522,2247
JS,REST,N_Plus_One_List,205.35827400090056,15633223
Python,REST,N_Plus_One_List,360.97320599947125,15633234
JS,REST,Overfetch_Scenario,7.202992001111852,679
JS,GraphQL,Overfetch_Scenario,2.687453999897116,75
Python,REST,Overfetch_Scenario,17.15702900037286,680
Python,GraphQL,Overfetch_Scenario,3.2263640005112393,75
JS,GraphQL,RealWorld_Complex,5.564262999541825,196
Python,GraphQL,RealWorld_Complex,60.09607400119421,196
JS,REST,RealWorld_Complex,12.671855998632964,1195
Python,REST,RealWorld_Complex,35.49958899930061,1197
JS,GraphQL,N_Plus_One_List,18.906647001131205,2247
Python,GraphQL,N_Plus_One_List,546.7325350000465,2247
JS,REST,N_Plus_One_List,213.27412100072252,15633223
Python,REST,N_Plus_One_List,365.6204609997076,15633234
JS,REST,Overfetch_Scenario,7.723777998762671,928
JS,GraphQL,Overfetch_Scenario,2.352337000047555,76
Python,REST,Overfetch_Scenario,16.807353998956387,929
Python,GraphQL,Overfetch_Scenario,3.47391799914476,76
JS,GraphQL,RealWorld_Complex,4.375246000563493,239
Python,GraphQL,RealWorld_Complex,59.67436299943074,239
JS,REST,RealWorld_Complex,13.220775999798207,1712
Python,REST,RealWorld_Complex,33.84709300007671,1714
JS,GraphQL,N_Plus_One_List,21.29253600105585,2247
Python,GraphQL,N_Plus_One_List,545.6717189990741,2247
JS,REST,N_Plus_One_List,201.88217199938663,15633223
Python,REST,N_Plus_One_List,364.51875700004166,15633234
JS,REST,Overfetch_Scenario,7.166274001065176,1653
JS,GraphQL,Overfetch_Scenario,2.6751709992822725,80
Python,REST,Overfetch_Scenario,16.692679000698263,1654
Python,GraphQL,Overfetch_Scenario,3.514633999657235,80
JS,GraphQL,RealWorld_Complex,4.312619001211715,402
Python,GraphQL,RealWorld_Complex,60.00973200025328,402
JS,REST,RealWorld_Complex,12.981927999135223,3126
Python,REST,RealWorld_Complex,34.60279899809393,3128
JS,GraphQL,N_Plus_One_List,18.102140000337386,2247
Python,GraphQL,N_Plus_One_List,556.2956699995993,2247
JS,REST,N_Plus_One_List,201.7724659999658,15633223
Python,REST,N_Plus_One_List,364.8040719999699,15633234
JS,REST,Overfetch_Scenario,7.190340000306605,898
JS,GraphQL,Overfetch_Scenario,2.3588280000694795,73
Python,REST,Overfetch_Scenario,17.119750000347267,899
Python,GraphQL,Overfetch_Scenario,3.547746000549523,73
JS,GraphQL,RealWorld_Complex,4.84322300144413,216
Python,GraphQL,RealWorld_Complex,62.99084700003732,216
JS,REST,RealWorld_Complex,13.284554999700049,1631
Python,REST,RealWorld_Complex,34.010158999080886,1633
JS,GraphQL,N_Plus_One_List,20.641055998567026,2247
Python,GraphQL,N_Plus_One_List,545.0785779994476,2247
JS,REST,N_Plus_One_List,202.3399800000334,15633223
Python,REST,N_Plus_One_List,366.26177199832455,15633234
